Departments of the Government of the United Kingdom,Attorney General's Office,Suella Braverman MP
Departments of the Government of the United Kingdom,Attorney General's Office,Michael Ellis QC MP
Departments of the Government of the United Kingdom,Cabinet Office,The Rt Hon. Boris Johnson MP
Departments of the Government of the United Kingdom,Cabinet Office,The Rt Hon. Michael Gove MP
Departments of the Government of the United Kingdom,Cabinet Office,The Rt Hon. The Baroness Evans of Bowes Park
Departments of the Government of the United Kingdom,Cabinet Office,Amanda Milling MP
Departments of the Government of the United Kingdom,Cabinet Office,The Rt Hon. Jacob Rees-Mogg MP
Departments of the Government of the United Kingdom,Cabinet Office,Honorary Commander The Rt Hon. Penny Mordaunt MP
Departments of the Government of the United Kingdom,Cabinet Office,Chloe Smith MP
Departments of the Government of the United Kingdom,Cabinet Office,The Rt Hon. The Lord Agnew of Oulton
Departments of the Government of the United Kingdom,Cabinet Office,The Rt Hon. The Lord True
Departments of the Government of the United Kingdom,Cabinet Office,Julia Lopez MP
Departments of the Government of the United Kingdom,Cabinet Office,Johnny Mercer MP
Departments of the Government of the United Kingdom,"Department for Business, Energy and Industrial Strategy",The Rt Hon. Alok Sharma MP
Departments of the Government of the United Kingdom,"Department for Business, Energy and Industrial Strategy",The Rt Hon. Kwasi Kwarteng MP
Departments of the Government of the United Kingdom,"Department for Business, Energy and Industrial Strategy",The Rt Hon. The Lord Grimstone of Boscobel
Departments of the Government of the United Kingdom,"Department for Business, Energy and Industrial Strategy",Amanda Solloway MP
Departments of the Government of the United Kingdom,"Department for Business, Energy and Industrial Strategy",Paul Scully MP
Departments of the Government of the United Kingdom,"Department for Business, Energy and Industrial Strategy",Nadhim Zahawi MP
Departments of the Government of the United Kingdom,"Department for Business, Energy and Industrial Strategy",The Rt Hon. The Lord Callanan
Departments of the Government of the United Kingdom,"Department for Digital, Culture, Media and Sport",The Rt Hon. Oliver Dowden
Departments of the Government of the United Kingdom,"Department for Digital, Culture, Media and Sport",Caroline Dinenage MP
Departments of the Government of the United Kingdom,"Department for Digital, Culture, Media and Sport",The Rt Hon. John Whittingdale MP
Departments of the Government of the United Kingdom,"Department for Digital, Culture, Media and Sport",Matt Warman MP
Departments of the Government of the United Kingdom,"Department for Digital, Culture, Media and Sport",Nigel Huddleston MP
Departments of the Government of the United Kingdom,"Department for Digital, Culture, Media and Sport",The Rt Hon. The Baroness Barran MBE
Departments of the Government of the United Kingdom,Department for Education,The Rt Hon. Gavin Williamson MP
Departments of the Government of the United Kingdom,Department for Education,Michelle Donelan MP
Departments of the Government of the United Kingdom,Department for Education,The Rt Hon. Nick Gibb MP
Departments of the Government of the United Kingdom,Department for Education,Vicky Ford MP
Departments of the Government of the United Kingdom,Department for Education,Gillian Keegan MP
Departments of the Government of the United Kingdom,Department for Education,The Rt Hon. The Baroness Berridge
Departments of the Government of the United Kingdom,"Department for Environment, Food and Rural Affairs",The Rt Hon. George Eustice MP
Departments of the Government of the United Kingdom,"Department for Environment, Food and Rural Affairs",The Rt Hon. The Lord Goldsmith of Richmond Park
Departments of the Government of the United Kingdom,"Department for Environment, Food and Rural Affairs",The Hon. Rebecca Pow MP
Departments of the Government of the United Kingdom,"Department for Environment, Food and Rural Affairs",The Rt Hon. The Lord Gardiner of Kimble
Departments of the Government of the United Kingdom,"Department for Environment, Food and Rural Affairs",The Hon. Victoria Prentis MP
Departments of the Government of the United Kingdom,Department for International Development,The Rt Hon. Anne-Marie Trevelyan MP
Departments of the Government of the United Kingdom,Department for International Development,The Rt Hon. James Cleverly MP
Departments of the Government of the United Kingdom,Department for International Development,The Rt Hon. The Lord Goldsmith of Richmond Park PC
Departments of the Government of the United Kingdom,Department for International Development,Nigel Adams MP
Departments of the Government of the United Kingdom,Department for International Development,The Rt Hon. The Lord Ahmad of Wimbledon
Departments of the Government of the United Kingdom,Department for International Development,James Duddridge MP
Departments of the Government of the United Kingdom,Department for International Development,Wendy Morton MP
Departments of the Government of the United Kingdom,Department for International Development,The Rt Hon. The Baroness Sugg
Departments of the Government of the United Kingdom,Department for International Trade,The Rt Hon. Liz Truss MP
Departments of the Government of the United Kingdom,Department for International Trade,The Rt Hon. Greg Hands MP
Departments of the Government of the United Kingdom,Department for International Trade,The Rt Hon. The Lord Grimstone of Boscobel
Departments of the Government of the United Kingdom,Department for International Trade,Graham Stuart MP
Departments of the Government of the United Kingdom,Department for International Trade,Kemi Badenoch MP
Departments of the Government of the United Kingdom,Department for International Trade,The Rt Hon. The Baroness Berridge
Departments of the Government of the United Kingdom,Department for International Trade,Ranil Jayawardena MP
Departments of the Government of the United Kingdom,Department for Transport,he Rt Hon. Grant Shapps MP
Departments of the Government of the United Kingdom,Department for Transport,Chris Heaton-Harris MP
Departments of the Government of the United Kingdom,Department for Transport,Andrew Stephenson MP
Departments of the Government of the United Kingdom,Department for Transport,The Rt Hon. Baroness Vere of Norbiton
Departments of the Government of the United Kingdom,Department for Transport,Rachel Maclean MP
Departments of the Government of the United Kingdom,Department for Transport,Kelly Tolhurst MP
Departments of the Government of the United Kingdom,Department for Work and Pensions,The Rt Hon. Th¨¦r¨¨se Coffey MP
Departments of the Government of the United Kingdom,Department for Work and Pensions,Justin Tomlinson MP
Departments of the Government of the United Kingdom,Department for Work and Pensions,Will Quince MP
Departments of the Government of the United Kingdom,Department for Work and Pensions,Mims Davies MP
Departments of the Government of the United Kingdom,Department for Work and Pensions,Guy Opperman MP
Departments of the Government of the United Kingdom,Department for Work and Pensions,Baroness Stedman-Scott
Departments of the Government of the United Kingdom,Department of Health and Social Care,The Rt Hon. Matt Hancock MP
Departments of the Government of the United Kingdom,Department of Health and Social Care,Edward Argar MP
Departments of the Government of the United Kingdom,Department of Health and Social Care,Nadine Dorries MP
Departments of the Government of the United Kingdom,Department of Health and Social Care,Helen Whately MP
Departments of the Government of the United Kingdom,Department of Health and Social Care,Jo Churchill MP
Departments of the Government of the United Kingdom,Department of Health and Social Care,The Rt Hon. The Lord Bethell
Departments of the Government of the United Kingdom,Foreign and Commonwealth Office,The Rt Hon. Dominic Raab MP
Departments of the Government of the United Kingdom,Foreign and Commonwealth Office,The Rt Hon. James Cleverly MP
Departments of the Government of the United Kingdom,Foreign and Commonwealth Office,The Rt Hon. The Lord Goldsmith of Richmond Park PC
Departments of the Government of the United Kingdom,Foreign and Commonwealth Office,Nigel Adams MP
Departments of the Government of the United Kingdom,Foreign and Commonwealth Office,The Rt Hon. The Lord Ahmad of Wimbledon
Departments of the Government of the United Kingdom,Foreign and Commonwealth Office,James Duddridge MP
Departments of the Government of the United Kingdom,Foreign and Commonwealth Office,Wendy Morton MP
Departments of the Government of the United Kingdom,Foreign and Commonwealth Office,The Rt Hon. The Baroness Sugg
Departments of the Government of the United Kingdom,HM Treasury,The Rt Hon. Boris Johnson MP
Departments of the Government of the United Kingdom,HM Treasury,The Rt Hon. Rishi Sunak MP
Departments of the Government of the United Kingdom,HM Treasury,The Rt Hon. Stephen Barclay MP
Departments of the Government of the United Kingdom,HM Treasury,The Rt Hon. Mark Spencer MP
Departments of the Government of the United Kingdom,HM Treasury,The Rt Hon. Jesse Norman MP
Departments of the Government of the United Kingdom,HM Treasury,The Rt Hon. The Lord Agnew of Oulton
Departments of the Government of the United Kingdom,HM Treasury,John Glen MP
Departments of the Government of the United Kingdom,HM Treasury,Kemi Badenoch MP
Departments of the Government of the United Kingdom,Home Office,he Rt Hon. Priti Patel MP
Departments of the Government of the United Kingdom,Home Office,The Rt Hon. James Brokenshire MP
Departments of the Government of the United Kingdom,Home Office,Kit Malthouse MP
Departments of the Government of the United Kingdom,Home Office,The Rt Hon. The Baroness Williams of Trafford
Departments of the Government of the United Kingdom,Home Office,Lord Greenhalgh
Departments of the Government of the United Kingdom,Home Office,Victoria Atkins MP
Departments of the Government of the United Kingdom,Home Office,Kevin Foster MP
Departments of the Government of the United Kingdom,Home Office,Chris Philp MP
Departments of the Government of the United Kingdom,Ministry of Defence,The Rt Hon. Ben Wallace MP
Departments of the Government of the United Kingdom,Ministry of Defence,Jeremy Quin MP
Departments of the Government of the United Kingdom,Ministry of Defence,The Rt Hon. The Baroness Goldie DL
Departments of the Government of the United Kingdom,Ministry of Defence,James Heappey MP
Departments of the Government of the United Kingdom,Ministry of Defence,Johnny Mercer MP
Departments of the Government of the United Kingdom,"Ministry of Housing, Communities and Local Government",The Rt Hon. Robert Jenrick MP
Departments of the Government of the United Kingdom,"Ministry of Housing, Communities and Local Government",Simon Clarke MP
Departments of the Government of the United Kingdom,"Ministry of Housing, Communities and Local Government",The Rt Hon. Christopher Pincher MP
Departments of the Government of the United Kingdom,"Ministry of Housing, Communities and Local Government",The Lord Greenhalgh
Departments of the Government of the United Kingdom,"Ministry of Housing, Communities and Local Government",Luke Hall MP
Departments of the Government of the United Kingdom,Ministry of Justice,Robert Buckland QC MP
Departments of the Government of the United Kingdom,Ministry of Justice,The Rt Hon. Lord Keen of Elie QC
Departments of the Government of the United Kingdom,Ministry of Justice,Lucy Frazer QC MP
Departments of the Government of the United Kingdom,Ministry of Justice,Kit Malthouse MP
Departments of the Government of the United Kingdom,Ministry of Justice,Alex Chalk MP
Departments of the Government of the United Kingdom,Ministry of Justice,Chris Philp MP
Departments of the Government of the United Kingdom,Northern Ireland Office,The Rt Hon. Brandon Lewis MP
Departments of the Government of the United Kingdom,Northern Ireland Office,The Rt Hon. Robin Walker MP
Departments of the Government of the United Kingdom,Office of the Advocate General for Scotland,"The Right Honourable Lynda Clark Baroness Clark of Calton PC QC"
Departments of the Government of the United Kingdom,Office of the Advocate General for Scotland,"The Right Honourable Neil Davidson Baron Davidson of Glen Clova QC"
Departments of the Government of the United Kingdom,Office of the Advocate General for Scotland,"The Right Honourable Jim Wallace Baron Wallace of Tankerness PC QC"
Departments of the Government of the United Kingdom,Office of the Advocate General for Scotland,"The Right Honourable Richard Keen Baron Keen of Elie QC"
Departments of the Government of the United Kingdom,Office of the Leader of the House of Commons,"The Right Honourable Jacob Rees-Mogg MP for North East Somerset"
Departments of the Government of the United Kingdom,Office of the Leader of the House of Lords,The Rt Hon. The Lord Ashton of Hyde PC
Departments of the Government of the United Kingdom,Office of the Leader of the House of Lords,The Rt Hon. The Earl of Courtown
Departments of the Government of the United Kingdom,Scotland Office,The Rt Hon. Alister Jack MP
Departments of the Government of the United Kingdom,Scotland Office,Iain Stewart MP
Departments of the Government of the United Kingdom,Scotland Office,David Duguid MP
Departments of the Government of the United Kingdom,Wales Office,The Rt Hon. Simon Hart MP
Departments of the Government of the United Kingdom,Wales Office,David Davies MP